source,target,quantile,lag_obs,lag_seconds,correlation,p_value,n_obs
price_ret,obi,Q10,-20,-10.0,-0.19288852383502608,3.2521844320894523e-40,4670
price_ret,obi,Q10,-19,-9.5,-0.19409462398071245,1.0273282525621399e-40,4670
price_ret,obi,Q10,-18,-9.0,-0.19559428228800238,2.435806067311817e-41,4670
price_ret,obi,Q10,-17,-8.5,-0.19676204423653482,7.839864519892879e-42,4670
price_ret,obi,Q10,-16,-8.0,-0.1968215279382892,7.260321561095347e-42,4670
price_ret,obi,Q10,-15,-7.5,-0.19621147186742413,1.275434552076496e-41,4670
price_ret,obi,Q10,-14,-7.0,-0.19525729667108888,3.102486941099523e-41,4670
price_ret,obi,Q10,-13,-6.5,-0.19536574113875052,2.7445242966300284e-41,4670
price_ret,obi,Q10,-12,-6.0,-0.19625777868908453,1.1500916942793252e-41,4670
price_ret,obi,Q10,-11,-5.5,-0.19634686358941228,1.0355613367601529e-41,4670
price_ret,obi,Q10,-10,-5.0,-0.1967762233003776,6.730777169475734e-42,4670
price_ret,obi,Q10,-9,-4.5,-0.19674409977108162,6.804842346255418e-42,4670
price_ret,obi,Q10,-8,-4.0,-0.1971144635376509,4.675505092791555e-42,4670
price_ret,obi,Q10,-7,-3.5,-0.1978589933077283,2.2379147975852546e-42,4670
price_ret,obi,Q10,-6,-3.0,-0.19789875220241684,2.1108682302355e-42,4670
price_ret,obi,Q10,-5,-2.5,-0.19772464585765867,2.4473924290011177e-42,4670
price_ret,obi,Q10,-4,-2.0,-0.19840071364361375,1.2480382412713938e-42,4670
price_ret,obi,Q10,-3,-1.5,-0.19859041236343095,1.0177350158478402e-42,4670
price_ret,obi,Q10,-2,-1.0,-0.1983786258962023,1.2245781660014534e-42,4670
price_ret,obi,Q10,-1,-0.5,-0.19759811944531927,2.5521522604005388e-42,4670
price_ret,obi,Q10,0,0.0,-0.19572115485161382,1.5161325365968434e-41,4670
price_ret,obi,Q10,1,0.5,-0.19393037794169302,8.477374101318263e-41,4670
price_ret,obi,Q10,2,1.0,-0.19178576267129943,6.485234134560785e-40,4670
price_ret,obi,Q10,3,1.5,-0.1888554744369091,9.978517545308344e-39,4670
price_ret,obi,Q10,4,2.0,-0.18678572208874356,6.728809100542172e-38,4670
price_ret,obi,Q10,5,2.5,-0.18481490119464894,4.0580515106193675e-37,4670
price_ret,obi,Q10,6,3.0,-0.18202427817165498,4.9529106746512874e-36,4670
price_ret,obi,Q10,7,3.5,-0.17863813360322617,9.724909387096404e-35,4670
price_ret,obi,Q10,8,4.0,-0.17565128257235646,1.2814520296084001e-33,4670
price_ret,obi,Q10,9,4.5,-0.1720758951383695,2.632478901554362e-32,4670
price_ret,obi,Q10,10,5.0,-0.16893294580016507,3.5592653697681524e-31,4670
price_ret,obi,Q10,11,5.5,-0.16588043443492856,4.254241542953801e-30,4670
price_ret,obi,Q10,12,6.0,-0.16414161722765808,1.7212976143037533e-29,4670
price_ret,obi,Q10,13,6.5,-0.16192566475853531,9.95304428322941e-29,4670
price_ret,obi,Q10,14,7.0,-0.15904500484226036,9.344537993003373e-28,4670
price_ret,obi,Q10,15,7.5,-0.15589452162478795,1.029728351769947e-26,4670
price_ret,obi,Q10,16,8.0,-0.15244613671224777,1.3424600434212024e-25,4670
price_ret,obi,Q10,17,8.5,-0.14902357473613717,1.6182059963154753e-24,4670
price_ret,obi,Q10,18,9.0,-0.14516671113976515,2.4898191210431242e-23,4670
price_ret,obi,Q10,19,9.5,-0.1411797498575037,3.884487689983009e-22,4670
price_ret,obi,Q10,20,10.0,-0.13596381515605355,1.2512232538110909e-20,4670
price_ret,obi,Q50,-20,-10.0,0.15545877258636323,3.974118782066305e-126,23350
price_ret,obi,Q50,-19,-9.5,0.15361172455067346,3.6455716349046304e-123,23350
price_ret,obi,Q50,-18,-9.0,0.15183836198845418,2.3511323753165356e-120,23350
price_ret,obi,Q50,-17,-8.5,0.15009423166477653,1.262902855869342e-117,23350
price_ret,obi,Q50,-16,-8.0,0.14829383073038216,7.680761207001105e-115,23350
price_ret,obi,Q50,-15,-7.5,0.14669151784747014,2.1544786864936273e-112,23350
price_ret,obi,Q50,-14,-7.0,0.14505261630260008,6.439277472012038e-110,23350
price_ret,obi,Q50,-13,-6.5,0.14352804324660315,1.2176697576011608e-107,23350
price_ret,obi,Q50,-12,-6.0,0.1421389849503948,1.3735645649217571e-105,23350
price_ret,obi,Q50,-11,-5.5,0.14094275129367842,7.730083686261475e-104,23350
price_ret,obi,Q50,-10,-5.0,0.13985185981793036,2.956226026490982e-102,23350
price_ret,obi,Q50,-9,-4.5,0.13888740424711382,7.225343076623308e-101,23350
price_ret,obi,Q50,-8,-4.0,0.1378528211513898,2.174017188993084e-99,23350
price_ret,obi,Q50,-7,-3.5,0.13683074230141867,6.118094005829818e-98,23350
price_ret,obi,Q50,-6,-3.0,0.13580451616970435,1.70115480006843e-96,23350
price_ret,obi,Q50,-5,-2.5,0.13504680891876517,1.9445080965454143e-95,23350
price_ret,obi,Q50,-4,-2.0,0.13439485200403964,1.5624766502098206e-94,23350
price_ret,obi,Q50,-3,-1.5,0.13375897081092253,1.1806101239036473e-93,23350
price_ret,obi,Q50,-2,-1.0,0.13315163301835625,8.069374017924694e-93,23350
price_ret,obi,Q50,-1,-0.5,0.13250725433521823,6.144587999952622e-92,23350
price_ret,obi,Q50,0,0.0,0.13190799491521343,4.020115438279192e-91,23350
price_ret,obi,Q50,1,0.5,0.13107874508275977,5.443206867461273e-90,23350
price_ret,obi,Q50,2,1.0,0.13032502450304662,5.731960945929434e-89,23350
price_ret,obi,Q50,3,1.5,0.12967438514566332,4.3300179333578667e-88,23350
price_ret,obi,Q50,4,2.0,0.12918353424897597,1.9809557888721394e-87,23350
price_ret,obi,Q50,5,2.5,0.1287305077138126,8.022843704833773e-87,23350
price_ret,obi,Q50,6,3.0,0.12832408311639137,2.8039208840476475e-86,23350
price_ret,obi,Q50,7,3.5,0.12789236043831415,1.0539821100187967e-85,23350
price_ret,obi,Q50,8,4.0,0.12750848355944272,3.4108325347062835e-85,23350
price_ret,obi,Q50,9,4.5,0.12711607929392088,1.1284349575663037e-84,23350
price_ret,obi,Q50,10,5.0,0.12667455668608157,4.312080937439252e-84,23350
price_ret,obi,Q50,11,5.5,0.126385881267533,1.0361321537431974e-83,23350
price_ret,obi,Q50,12,6.0,0.12603945984899487,2.9539059413285214e-83,23350
price_ret,obi,Q50,13,6.5,0.12575685902504796,6.937869490727995e-83,23350
price_ret,obi,Q50,14,7.0,0.12547035198458598,1.6452704521548916e-82,23350
price_ret,obi,Q50,15,7.5,0.1251868763972851,3.858598079521088e-82,23350
price_ret,obi,Q50,16,8.0,0.12490539445623504,8.977779008263292e-82,23350
price_ret,obi,Q50,17,8.5,0.12454660212730426,2.6208278451264346e-81,23350
price_ret,obi,Q50,18,9.0,0.12419530778684419,7.459277589790007e-81,23350
price_ret,obi,Q50,19,9.5,0.12387451883384251,1.9347560849702796e-80,23350
price_ret,obi,Q50,20,10.0,0.12358336125374213,4.5883584432280564e-80,23350
obi,price_ret,Q10,-20,-10.0,0.0859736236001757,4.307830497772397e-09,4670
obi,price_ret,Q10,-19,-9.5,0.08198900757526902,2.1505538798366913e-08,4670
obi,price_ret,Q10,-18,-9.0,0.07802715245579603,9.898285039836806e-08,4670
obi,price_ret,Q10,-17,-8.5,0.07413312192631051,4.1391680850938063e-07,4670
obi,price_ret,Q10,-16,-8.0,0.07055294578034355,1.451136064710648e-06,4670
obi,price_ret,Q10,-15,-7.5,0.06711875077149616,4.577219736068256e-06,4670
obi,price_ret,Q10,-14,-7.0,0.06375252510661947,1.3403783580103028e-05,4670
obi,price_ret,Q10,-13,-6.5,0.06028191689563453,3.8481790972796205e-05,4670
obi,price_ret,Q10,-12,-6.0,0.05671076543669453,0.00010769744036092753,4670
obi,price_ret,Q10,-11,-5.5,0.05350649170718333,0.00025836446588727935,4670
obi,price_ret,Q10,-10,-5.0,0.050834261716497624,0.0005176108131518529,4670
obi,price_ret,Q10,-9,-4.5,0.048733528933449836,0.000874100193791248,4670
obi,price_ret,Q10,-8,-4.0,0.04718711361292694,0.0012693856976004538,4670
obi,price_ret,Q10,-7,-3.5,0.04606448269652324,0.0016529739136605438,4670
obi,price_ret,Q10,-6,-3.0,0.045232812347971114,0.002002510051272883,4670
obi,price_ret,Q10,-5,-2.5,0.04482376085050509,0.002197036889995473,4670
obi,price_ret,Q10,-4,-2.0,0.04488368324032653,0.002164763453269642,4670
obi,price_ret,Q10,-3,-1.5,0.04552148715949478,0.0018670762230152181,4670
obi,price_ret,Q10,-2,-1.0,0.04668451960202443,0.0014202650560365582,4670
obi,price_ret,Q10,-1,-0.5,0.04832132581545401,0.0009570914353519461,4670
obi,price_ret,Q10,0,0.0,0.05028307607597876,0.0005871775349662018,4670
obi,price_ret,Q10,1,0.5,0.05135221192561448,0.0004476396024685744,4670
obi,price_ret,Q10,2,1.0,0.05244276878205113,0.00033767033761415894,4670
obi,price_ret,Q10,3,1.5,0.05324209532521895,0.00027384327456064534,4670
obi,price_ret,Q10,4,2.0,0.05392800708503772,0.0002283294430262496,4670
obi,price_ret,Q10,5,2.5,0.05421377133389619,0.0002117443037466607,4670
obi,price_ret,Q10,6,3.0,0.05424429153167167,0.00021033617713331514,4670
obi,price_ret,Q10,7,3.5,0.05392084821917245,0.00022983618283240988,4670
obi,price_ret,Q10,8,4.0,0.05323657794084759,0.0002763292116997073,4670
obi,price_ret,Q10,9,4.5,0.05234844955821717,0.00034969155666176487,4670
obi,price_ret,Q10,10,5.0,0.05153042854715428,0.00043305037808220046,4670
obi,price_ret,Q10,11,5.5,0.05055327672588897,0.0005566755541706793,4670
obi,price_ret,Q10,12,6.0,0.04951129806599767,0.0007240948803927647,4670
obi,price_ret,Q10,13,6.5,0.04835279293133058,0.0009642794382035652,4670
obi,price_ret,Q10,14,7.0,0.04712203210046169,0.0012985958628342212,4670
obi,price_ret,Q10,15,7.5,0.04607749904865416,0.0016632473707056952,4670
obi,price_ret,Q10,16,8.0,0.04524399412491205,0.00201978497244299,4670
obi,price_ret,Q10,17,8.5,0.0443286480409335,0.0024907743090865028,4670
obi,price_ret,Q10,18,9.0,0.043435510846302976,0.003045119961796257,4670
obi,price_ret,Q10,19,9.5,0.04252954750503101,0.003720056940871429,4670
obi,price_ret,Q10,20,10.0,0.04144619441086152,0.004702913719255912,4670
obi,price_ret,Q50,-20,-10.0,0.03384192640497834,2.3375066468234328e-07,23350
obi,price_ret,Q50,-19,-9.5,0.03192958633844988,1.0713250950716513e-06,23350
obi,price_ret,Q50,-18,-9.0,0.029892604143459442,4.951881423356647e-06,23350
obi,price_ret,Q50,-17,-8.5,0.02778965844030889,2.181040188594761e-05,23350
obi,price_ret,Q50,-16,-8.0,0.02566778336153881,8.806864234801302e-05,23350
obi,price_ret,Q50,-15,-7.5,0.023525388171407455,0.0003256453606588621,23350
obi,price_ret,Q50,-14,-7.0,0.021332331803049737,0.0011182539090575472,23350
obi,price_ret,Q50,-13,-6.5,0.01910466432845252,0.003515789053518425,23350
obi,price_ret,Q50,-12,-6.0,0.016953773995559897,0.009596530448885912,23350
obi,price_ret,Q50,-11,-5.5,0.01488837609460289,0.022934896999728175,23350
obi,price_ret,Q50,-10,-5.0,0.012840564583028534,0.04979921309745149,23350
obi,price_ret,Q90,-20,-10.0,0.08358678804717969,1.1409821130555728e-08,4670
obi,price_ret,Q90,-19,-9.5,0.07969681566405214,5.257343137910227e-08,4670
obi,price_ret,Q90,-18,-9.0,0.07604338769789107,2.0725646729600814e-07,4670
obi,price_ret,Q90,-17,-8.5,0.07249246588269867,7.417292188413136e-07,4670
obi,price_ret,Q90,-16,-8.0,0.0690116222979077,2.4488489281524797e-06,4670
obi,price_ret,Q90,-15,-7.5,0.06529462343965751,8.255271927113235e-06,4670
obi,price_ret,Q90,-14,-7.0,0.061662913998373016,2.5487472962580963e-05,4670
obi,price_ret,Q90,-13,-6.5,0.05825872727889431,6.949263743519715e-05,4670
obi,price_ret,Q90,-12,-6.0,0.055353494897488024,0.00015699556154560697,4670
obi,price_ret,Q90,-11,-5.5,0.05263053499830654,0.00032573695899573783,4670
obi,price_ret,Q90,-10,-5.0,0.05018077680145929,0.0006107609460982642,4670
obi,price_ret,Q90,-9,-4.5,0.0481103242057708,0.001017703400014462,4670
obi,price_ret,Q90,-8,-4.0,0.04605706040591657,0.001657756683878387,4670
obi,price_ret,Q90,-7,-3.5,0.04416441714149776,0.002557265703552761,4670
obi,price_ret,Q90,-6,-3.0,0.042491316651752424,0.003702999545893755,4670
obi,price_ret,Q90,-5,-2.5,0.040974007308508587,0.005126382064956043,4670
obi,price_ret,Q90,-4,-2.0,0.039813986322273655,0.006528813178005158,4670
obi,price_ret,Q90,-3,-1.5,0.038493860396619686,0.008538600492346162,4670
obi,price_ret,Q90,-2,-1.0,0.03789040307504109,0.009625135129456449,4670
obi,price_ret,Q90,-1,-0.5,0.03787625373414945,0.009644443331095405,4670
obi,price_ret,Q90,0,0.0,0.03801758991491597,0.009369562170676929,4670
obi,price_ret,Q90,1,0.5,0.03788605658410075,0.00962568824293607,4670
obi,price_ret,Q90,2,1.0,0.03814889631216702,0.009142240741070307,4670
obi,price_ret,Q90,3,1.5,0.038631899792361056,0.008304466509131494,4670
obi,price_ret,Q90,4,2.0,0.03940339723651224,0.007104700647752696,4670
obi,price_ret,Q90,5,2.5,0.04053118820763869,0.005627894869481476,4670
obi,price_ret,Q90,6,3.0,0.04194713513403553,0.004167338388110007,4670
obi,price_ret,Q90,7,3.5,0.04349569815064549,0.0029706006375390392,4670
obi,price_ret,Q90,8,4.0,0.04523664262239528,0.0020052156429630863,4670
obi,price_ret,Q90,9,4.5,0.04712475247050299,0.0012899635437073282,4670
obi,price_ret,Q90,10,5.0,0.04904689501068656,0.0008102650115976792,4670
obi,price_ret,Q90,11,5.5,0.051590247636799466,0.0004270300541572255,4670
obi,price_ret,Q90,12,6.0,0.05401324777658667,0.00022595055684463574,4670
obi,price_ret,Q90,13,6.5,0.05639939267594278,0.0001177078569970294,4670
obi,price_ret,Q90,14,7.0,0.058919618481220334,5.7513014282403835e-05,4670
obi,price_ret,Q90,15,7.5,0.06162928568740755,2.5799851806645365e-05,4670
obi,price_ret,Q90,16,8.0,0.06457667682206852,1.0391878901172699e-05,4670
obi,price_ret,Q90,17,8.5,0.06765356411634894,3.8578271498801696e-06,4670
obi,price_ret,Q90,18,9.0,0.07054553704985046,1.4623965042390477e-06,4670
obi,price_ret,Q90,19,9.5,0.07327723661943772,5.65147957658022e-07,4670
obi,price_ret,Q90,20,10.0,0.07570331538847573,2.3622354781165096e-07,4670
price_ret,ofi,Q10,-20,-10.0,-0.059170081195616384,5.406662225771578e-05,4670
price_ret,ofi,Q10,-19,-9.5,-0.06318380752263077,1.6165631183395967e-05,4670
price_ret,ofi,Q10,-18,-9.0,-0.06777097234680994,3.7201329004847338e-06,4670
price_ret,ofi,Q10,-17,-8.5,-0.07111383892993531,1.1994630448768454e-06,4670
price_ret,ofi,Q10,-16,-8.0,-0.07607296751481582,2.0378489863312269e-07,4670
price_ret,ofi,Q10,-15,-7.5,-0.07974680074618894,5.089738258828211e-08,4670
price_ret,ofi,Q10,-14,-7.0,-0.0846169305260238,7.353322092000899e-09,4670
price_ret,ofi,Q10,-13,-6.5,-0.08898580290447976,1.179334399815707e-09,4670
price_ret,ofi,Q10,-12,-6.0,-0.09268622926436994,2.3315846948059335e-10,4670
price_ret,ofi,Q10,-11,-5.5,-0.09594587616248904,5.2965839650321644e-11,4670
price_ret,ofi,Q10,-10,-5.0,-0.0988892042647081,1.3297062502619406e-11,4670
price_ret,ofi,Q10,-9,-4.5,-0.10232753921118488,2.513092293775891e-12,4670
price_ret,ofi,Q10,-8,-4.0,-0.1043607005503321,9.116370178949604e-13,4670
price_ret,ofi,Q10,-7,-3.5,-0.10681889020889933,2.607994972873386e-13,4670
price_ret,ofi,Q10,-6,-3.0,-0.10853040644962844,1.0705378877423628e-13,4670
price_ret,ofi,Q10,-5,-2.5,-0.10937441719890365,6.843384729520329e-14,4670
price_ret,ofi,Q10,-4,-2.0,-0.1106743810995757,3.422858055319464e-14,4670
price_ret,ofi,Q10,-3,-1.5,-0.11128800884336298,2.4527377276337713e-14,4670
price_ret,ofi,Q10,-2,-1.0,-0.11173482447280184,1.9185690502174367e-14,4670
price_ret,ofi,Q10,-1,-0.5,-0.11151127366299429,2.1491238756465467e-14,4670
price_ret,ofi,Q10,0,0.0,-0.11132082500922925,2.3646983987922245e-14,4670
price_ret,ofi,Q10,1,0.5,-0.11266437428491827,1.1551371873182692e-14,4670
price_ret,ofi,Q10,2,1.0,-0.11384085603709375,6.1315930692533354e-15,4670
price_ret,ofi,Q10,3,1.5,-0.11466307037207958,3.931727662637711e-15,4670
price_ret,ofi,Q10,4,2.0,-0.11550687136623446,2.483562073987652e-15,4670
price_ret,ofi,Q10,5,2.5,-0.11646998842273111,1.4629379246297288e-15,4670
price_ret,ofi,Q10,6,3.0,-0.11798119182062439,6.296908456410846e-16,4670
price_ret,ofi,Q10,7,3.5,-0.1186140117333863,4.428651945281227e-16,4670
price_ret,ofi,Q10,8,4.0,-0.11945424570074965,2.761154131353463e-16,4670
price_ret,ofi,Q10,9,4.5,-0.11881539928407582,4.006214240127501e-16,4670
price_ret,ofi,Q10,10,5.0,-0.11854340560304778,4.710505052356226e-16,4670
price_ret,ofi,Q10,11,5.5,-0.11884157100117541,4.004299344555538e-16,4670
price_ret,ofi,Q10,12,6.0,-0.11903056474244304,3.621472954618018e-16,4670
price_ret,ofi,Q10,13,6.5,-0.11980969607793363,2.335890405757251e-16,4670
price_ret,ofi,Q10,14,7.0,-0.11997195806315572,2.1437425487691102e-16,4670
price_ret,ofi,Q10,15,7.5,-0.12101250902689972,1.1847471412979281e-16,4670
price_ret,ofi,Q10,16,8.0,-0.12126676550727933,1.0299915190773067e-16,4670
price_ret,ofi,Q10,17,8.5,-0.12236229564951608,5.4786891702822354e-17,4670
price_ret,ofi,Q10,18,9.0,-0.12242412395455009,5.324391465074521e-17,4670
price_ret,ofi,Q10,19,9.5,-0.12236870212748732,5.542302978659486e-17,4670
price_ret,ofi,Q10,20,10.0,-0.12269742512717058,4.606070229351369e-17,4670
price_ret,ofi,Q50,-20,-10.0,0.25141175578329605,0.0,23350
price_ret,ofi,Q50,-19,-9.5,0.250601010861778,0.0,23350
price_ret,ofi,Q50,-18,-9.0,0.24982477449389884,0.0,23350
price_ret,ofi,Q50,-17,-8.5,0.2492453078093419,0.0,23350
price_ret,ofi,Q50,-16,-8.0,0.24854633540111248,0.0,23350
price_ret,ofi,Q50,-15,-7.5,0.24762797805498787,5e-323,23350
price_ret,ofi,Q50,-14,-7.0,0.24690264256673197,4.22e-321,23350
price_ret,ofi,Q50,-13,-6.5,0.24630225002121547,1.6237e-319,23350
price_ret,ofi,Q50,-12,-6.0,0.2455117254796833,1.9735057e-317,23350
price_ret,ofi,Q50,-11,-5.5,0.2449648615177204,5.3569459e-316,23350
price_ret,ofi,Q50,-10,-5.0,0.2442382083450039,4.294390349e-314,23350
price_ret,ofi,Q50,-9,-4.5,0.24326475643397452,1.507529506323e-311,23350
price_ret,ofi,Q50,-8,-4.0,0.24218148690098684,9.9773520693015e-309,23350
price_ret,ofi,Q50,-7,-3.5,0.2410058925300303,1.1104146392808486e-305,23350
price_ret,ofi,Q50,-6,-3.0,0.23967792871302435,2.9424416261895073e-302,23350
price_ret,ofi,Q50,-5,-2.5,0.2383212700511425,8.80072345657502e-299,23350
price_ret,ofi,Q50,-4,-2.0,0.23670629460499676,1.1377446485912188e-294,23350
price_ret,ofi,Q50,-3,-1.5,0.23498656348439356,2.5178264257376234e-290,23350
price_ret,ofi,Q50,-2,-1.0,0.23326070300686932,5.324714452400179e-286,23350
price_ret,ofi,Q50,-1,-0.5,0.23118657318547498,7.589296374396691e-281,23350
price_ret,ofi,Q50,0,0.0,0.22928855935851325,3.5559886411270773e-276,23350
price_ret,ofi,Q50,1,0.5,0.22824697372764374,1.3005995898200772e-273,23350
price_ret,ofi,Q50,2,1.0,0.2274004556257842,1.5481521958563484e-271,23350
price_ret,ofi,Q50,3,1.5,0.2267101844299221,7.552058556427998e-270,23350
price_ret,ofi,Q50,4,2.0,0.22615223586324368,1.7403834115313894e-268,23350
price_ret,ofi,Q50,5,2.5,0.22578349874455866,1.3896916946501552e-267,23350
price_ret,ofi,Q50,6,3.0,0.22552678058654305,5.9366555137826285e-267,23350
price_ret,ofi,Q50,7,3.5,0.22543967403396836,9.881386119935353e-267,23350
price_ret,ofi,Q50,8,4.0,0.2248079689512082,3.356208929563287e-265,23350
price_ret,ofi,Q50,9,4.5,0.22431536950269312,5.234178902016139e-264,23350
price_ret,ofi,Q50,10,5.0,0.2238515790662567,6.91866259277441e-263,23350
price_ret,ofi,Q50,11,5.5,0.22332977489437558,1.2499817306519392e-261,23350
price_ret,ofi,Q50,12,6.0,0.22285750325588852,1.708713364374128e-260,23350
price_ret,ofi,Q50,13,6.5,0.2223307546118927,3.1258291430339424e-259,23350
price_ret,ofi,Q50,14,7.0,0.2217474522588311,7.721063375645293e-258,23350
price_ret,ofi,Q50,15,7.5,0.22124712464515525,1.2037809733486366e-256,23350
price_ret,ofi,Q50,16,8.0,0.22087776693634448,9.163400311702096e-256,23350
price_ret,ofi,Q50,17,8.5,0.2204481227102195,9.628758621186105e-255,23350
price_ret,ofi,Q50,18,9.0,0.2200252311762641,9.7050897617181e-254,23350
price_ret,ofi,Q50,19,9.5,0.219235164728821,7.022902062781477e-252,23350
price_ret,ofi,Q50,20,10.0,0.21814063073758566,2.548095574338827e-249,23350
price_ret,ofi,Q90,-20,-10.0,0.29121397372854857,1.445865251662994e-91,4670
price_ret,ofi,Q90,-19,-9.5,0.2934741987490492,4.7721661101361446e-93,4670
price_ret,ofi,Q90,-18,-9.0,0.2952892460071413,2.9855714504307844e-94,4670
price_ret,ofi,Q90,-17,-8.5,0.29632976667738864,5.91986844783568e-95,4670
price_ret,ofi,Q90,-16,-8.0,0.2956299675560835,1.629199965385272e-94,4670
price_ret,ofi,Q90,-15,-7.5,0.2943637017537751,1.0488735656204126e-93,4670
price_ret,ofi,Q90,-14,-7.0,0.2923020798265069,2.1949050425303786e-92,4670
price_ret,ofi,Q90,-13,-6.5,0.29135106846997594,8.643317826754233e-92,4670
price_ret,ofi,Q90,-12,-6.0,0.29138820862473325,7.823566164844718e-92,4670
price_ret,ofi,Q90,-11,-5.5,0.2917131416605083,4.61539188568366e-92,4670
price_ret,ofi,Q90,-10,-5.0,0.29159286890858827,5.279415325514967e-92,4670
price_ret,ofi,Q90,-9,-4.5,0.2915355447940775,5.499062878377265e-92,4670
price_ret,ofi,Q90,-8,-4.0,0.29083712135169376,1.4849360531614978e-91,4670
price_ret,ofi,Q90,-7,-3.5,0.29003084978638405,4.691939612733793e-91,4670
price_ret,ofi,Q90,-6,-3.0,0.2895635546979796,8.958685692290781e-91,4670
price_ret,ofi,Q90,-5,-2.5,0.28949658571989645,9.465437103368873e-91,4670
price_ret,ofi,Q90,-4,-2.0,0.28891356965210563,2.1412219715085035e-90,4670
price_ret,ofi,Q90,-3,-1.5,0.28755113624405326,1.5185014236700538e-89,4670
price_ret,ofi,Q90,-2,-1.0,0.28633157722516667,8.654026636750462e-89,4670
price_ret,ofi,Q90,-1,-0.5,0.2859203384857239,1.5099940234996653e-88,4670
price_ret,ofi,Q90,0,0.0,0.28521273030482497,4.0504631074398524e-88,4670
price_ret,ofi,Q90,1,0.5,0.2838539957548709,3.024529885465934e-87,4670
price_ret,ofi,Q90,2,1.0,0.28272403453141176,1.60670577256245e-86,4670
price_ret,ofi,Q90,3,1.5,0.28260159818991887,1.9973964326277503e-86,4670
price_ret,ofi,Q90,4,2.0,0.28295578492844314,1.2518122202802627e-86,4670
price_ret,ofi,Q90,5,2.5,0.2834900070811105,6.050089748632104e-87,4670
price_ret,ofi,Q90,6,3.0,0.2839883472177485,3.075307216892079e-87,4670
price_ret,ofi,Q90,7,3.5,0.2842568675408251,2.1766524764202505e-87,4670
price_ret,ofi,Q90,8,4.0,0.28458140601288956,1.4203269581289027e-87,4670
price_ret,ofi,Q90,9,4.5,0.28477802235694305,1.1148942490863006e-87,4670
price_ret,ofi,Q90,10,5.0,0.28491758135323964,9.504176979509156e-88,4670
price_ret,ofi,Q90,11,5.5,0.2850880113540109,7.747513739989355e-88,4670
price_ret,ofi,Q90,12,6.0,0.28483104235406,1.1726263239471682e-87,4670
price_ret,ofi,Q90,13,6.5,0.2847862725297492,1.3052683016728128e-87,4670
price_ret,ofi,Q90,14,7.0,0.28473556908180225,1.4653720775722797e-87,4670
price_ret,ofi,Q90,15,7.5,0.28486702963063804,1.2642073208548176e-87,4670
price_ret,ofi,Q90,16,8.0,0.28428852113115816,3.0411648460153934e-87,4670
price_ret,ofi,Q90,17,8.5,0.28383668943410995,6.082477011791243e-87,4670
price_ret,ofi,Q90,18,9.0,0.28302017784264744,2.0501417611851518e-86,4670
price_ret,ofi,Q90,19,9.5,0.28144642782501084,2.026609848002999e-85,4670
price_ret,ofi,Q90,20,10.0,0.279566942591542,3.039092275455214e-84,4670
ofi,price_ret,Q10,-20,-10.0,0.036349343540697236,0.01318076470920218,4670
ofi,price_ret,Q10,-19,-9.5,0.04033566157788923,0.005937713870525067,4670
ofi,price_ret,Q10,-18,-9.0,0.04430690879521118,0.0025057165833793477,4670
ofi,price_ret,Q10,-17,-8.5,0.046476374898230435,0.0015183661418943259,4670
ofi,price_ret,Q10,-16,-8.0,0.047157754116838715,0.0012907025105969357,4670
ofi,price_ret,Q10,-15,-7.5,0.04743995168903882,0.0012051190182735688,4670
ofi,price_ret,Q10,-14,-7.0,0.04560242537451062,0.001855351073181121,4670
ofi,price_ret,Q10,-13,-6.5,0.04281544781909597,0.0034737111618049115,4670
ofi,price_ret,Q10,-12,-6.0,0.03989348506908781,0.006467927205430601,4670
ofi,price_ret,Q10,-11,-5.5,0.036805649772687056,0.011990782581415161,4670
ofi,price_ret,Q10,-10,-5.0,0.03290613026011354,0.02468376939723767,4670
ofi,price_ret,Q10,18,9.0,0.03356658178068221,0.022052769220125806,4670
ofi,price_ret,Q10,19,9.5,0.03903017492784626,0.007765755450945676,4670
ofi,price_ret,Q10,20,10.0,0.044346534471034434,0.002488753748148834,4670
ofi,price_ret,Q50,-20,-10.0,0.1265115097933191,7.638062274236025e-84,23350
ofi,price_ret,Q50,-19,-9.5,0.12679848940148905,3.1932165796320044e-84,23350
ofi,price_ret,Q50,-18,-9.0,0.1270892485692943,1.3170683809674145e-84,23350
ofi,price_ret,Q50,-17,-8.5,0.12723922439840524,8.301074328458573e-85,23350
ofi,price_ret,Q50,-16,-8.0,0.12747321234401396,4.053667901426843e-85,23350
ofi,price_ret,Q50,-15,-7.5,0.12769141264956813,2.07384492955266e-85,23350
ofi,price_ret,Q50,-14,-7.0,0.12799352260258712,8.208797949528241e-86,23350
ofi,price_ret,Q50,-13,-6.5,0.12835023039596075,2.7441298157705758e-86,23350
ofi,price_ret,Q50,-12,-6.0,0.1287052686093253,9.19089247829501e-87,23350
ofi,price_ret,Q50,-11,-5.5,0.12907474846776462,2.9354257870442573e-87,23350
ofi,price_ret,Q50,-10,-5.0,0.12940695758352952,1.0479495339317167e-87,23350
ofi,price_ret,Q50,-9,-4.5,0.12974420003131934,3.6732361521597924e-88,23350
ofi,price_ret,Q50,-8,-4.0,0.13023180442222876,8.057772747383775e-89,23350
ofi,price_ret,Q50,-7,-3.5,0.13072951746924907,1.7026807163009118e-89,23350
ofi,price_ret,Q50,-6,-3.0,0.13118118971788684,4.128741418047383e-90,23350
ofi,price_ret,Q50,-5,-2.5,0.13169197962720663,8.275285684003018e-91,23350
ofi,price_ret,Q50,-4,-2.0,0.13234663280807255,1.047318776641351e-91,23350
ofi,price_ret,Q50,-3,-1.5,0.13308503483746714,1.0056675704165648e-92,23350
ofi,price_ret,Q50,-2,-1.0,0.13406664597708776,4.3833960219414584e-94,23350
ofi,price_ret,Q50,-1,-0.5,0.13533241835339224,7.465936775731597e-96,23350
ofi,price_ret,Q50,0,0.0,0.1367635055603819,7.129816977438845e-98,23350
ofi,price_ret,Q50,1,0.5,0.13848761610630786,2.5084674786175216e-100,23350
ofi,price_ret,Q50,2,1.0,0.14045447933848207,3.6391457997063687e-103,23350
ofi,price_ret,Q50,3,1.5,0.1424064845352296,5.049384408178763e-106,23350
ofi,price_ret,Q50,4,2.0,0.14432756894989535,7.09651449677642e-109,23350
ofi,price_ret,Q50,5,2.5,0.14631316531638405,7.267502381361494e-112,23350
ofi,price_ret,Q50,6,3.0,0.14821808399482428,8.987648846209565e-115,23350
ofi,price_ret,Q50,7,3.5,0.15018819292004743,8.03940731619532e-118,23350
ofi,price_ret,Q50,8,4.0,0.15198648748625518,1.2207707475924487e-120,23350
ofi,price_ret,Q50,9,4.5,0.1536589434458518,2.7188003386552767e-123,23350
ofi,price_ret,Q50,10,5.0,0.15535275647364316,5.217245439548196e-126,23350
ofi,price_ret,Q50,11,5.5,0.15723772636261255,4.537708116978677e-129,23350
ofi,price_ret,Q50,12,6.0,0.15905402973040397,4.693909833914349e-132,23350
ofi,price_ret,Q50,13,6.5,0.16074885040159687,7.145380757311178e-135,23350
ofi,price_ret,Q50,14,7.0,0.16222499956870368,2.3734954356261324e-137,23350
ofi,price_ret,Q50,15,7.5,0.16379716179518378,5.118407469144584e-140,23350
ofi,price_ret,Q50,16,8.0,0.16509812171588834,3.0445710141719956e-142,23350
ofi,price_ret,Q50,17,8.5,0.16629054150137748,2.67885729020652e-144,23350
ofi,price_ret,Q50,18,9.0,0.16746432346508494,2.4518803847047325e-146,23350
ofi,price_ret,Q50,19,9.5,0.1687919083138262,1.161588149482998e-148,23350
ofi,price_ret,Q50,20,10.0,0.17020455499477327,3.716567587081078e-151,23350
ofi,price_ret,Q90,-20,-10.0,0.15318704779891512,8.173770689244635e-26,4670
ofi,price_ret,Q90,-19,-9.5,0.15250158750513232,1.3357497862007035e-25,4670
ofi,price_ret,Q90,-18,-9.0,0.1521706982873186,1.6815453153570992e-25,4670
ofi,price_ret,Q90,-17,-8.5,0.15223861253434787,1.5812856870412626e-25,4670
ofi,price_ret,Q90,-16,-8.0,0.15249976444510432,1.290738522114077e-25,4670
ofi,price_ret,Q90,-15,-7.5,0.15312662750144396,8.0487495279923e-26,4670
ofi,price_ret,Q90,-14,-7.0,0.15419972897631656,3.599157599704355e-26,4670
ofi,price_ret,Q90,-13,-6.5,0.1563214375956692,7.289212199868141e-27,4670
ofi,price_ret,Q90,-12,-6.0,0.15877159990042458,1.1225396538217301e-27,4670
ofi,price_ret,Q90,-11,-5.5,0.16106626896542223,1.891553038310024e-28,4670
ofi,price_ret,Q90,-10,-5.0,0.16368854006439074,2.3959012878582086e-29,4670
ofi,price_ret,Q90,-9,-4.5,0.16626075593573728,3.049378990844821e-30,4670
ofi,price_ret,Q90,-8,-4.0,0.16901222419809306,3.2403042362733224e-31,4670
ofi,price_ret,Q90,-7,-3.5,0.17203936818022347,2.632813647155684e-32,4670
ofi,price_ret,Q90,-6,-3.0,0.17419086001060202,4.276854145307673e-33,4670
ofi,price_ret,Q90,-5,-2.5,0.17610923325489525,8.273979336563472e-34,4670
ofi,price_ret,Q90,-4,-2.0,0.1779698877800477,1.6500516358909048e-34,4670
ofi,price_ret,Q90,-3,-1.5,0.1790799927568197,6.209644822457081e-35,4670
ofi,price_ret,Q90,-2,-1.0,0.18017485028630378,2.3524132765626631e-35,4670
ofi,price_ret,Q90,-1,-0.5,0.1813717852373944,8.09260858723314e-36,4670
ofi,price_ret,Q90,0,0.0,0.18270348946480802,2.450995003865673e-36,4670
ofi,price_ret,Q90,1,0.5,0.18386284399978303,8.879536472937087e-37,4670
ofi,price_ret,Q90,2,1.0,0.18502569951709547,3.186120834149614e-37,4670
ofi,price_ret,Q90,3,1.5,0.18586005392919058,1.52864838414512e-37,4670
ofi,price_ret,Q90,4,2.0,0.18666948825163018,7.477496332324067e-38,4670
ofi,price_ret,Q90,5,2.5,0.18779945994680683,2.7220432841727883e-38,4670
ofi,price_ret,Q90,6,3.0,0.18894031469488556,9.750388117010659e-39,4670
ofi,price_ret,Q90,7,3.5,0.19023431910221084,3.012412462273516e-39,4670
ofi,price_ret,Q90,8,4.0,0.19194682960376633,6.247907783633592e-40,4670
ofi,price_ret,Q90,9,4.5,0.19404886705516164,8.843699925534662e-41,4670
ofi,price_ret,Q90,10,5.0,0.19610182565390719,1.283193675661479e-41,4670
ofi,price_ret,Q90,11,5.5,0.19813316714300563,1.861434964036357e-42,4670
ofi,price_ret,Q90,12,6.0,0.2003037148106216,2.3088686044504363e-43,4670
ofi,price_ret,Q90,13,6.5,0.20245312226035178,2.855660682237017e-44,4670
ofi,price_ret,Q90,14,7.0,0.2038577413952077,7.248958754329787e-45,4670
ofi,price_ret,Q90,15,7.5,0.2055101831554766,1.4213399010139135e-45,4670
ofi,price_ret,Q90,16,8.0,0.20620084300735567,7.256329299398096e-46,4670
ofi,price_ret,Q90,17,8.5,0.20685157239504035,3.848472665242623e-46,4670
ofi,price_ret,Q90,18,9.0,0.20730491166519163,2.4877926759627343e-46,4670
ofi,price_ret,Q90,19,9.5,0.20737003478808783,2.3810979033147773e-46,4670
ofi,price_ret,Q90,20,10.0,0.2074494221902446,2.2463201016378684e-46,4670
obi,ofi,Q10,-20,-10.0,0.11649917353702552,1.5970922467517963e-15,4670
obi,ofi,Q10,-19,-9.5,0.11713314434701308,1.112845865308616e-15,4670
obi,ofi,Q10,-18,-9.0,0.11741104366413416,9.454936343266694e-16,4670
obi,ofi,Q10,-17,-8.5,0.11737455375056073,9.583045071253096e-16,4670
obi,ofi,Q10,-16,-8.0,0.11712517475759239,1.0945612082296754e-15,4670
obi,ofi,Q10,-15,-7.5,0.11655178857039904,1.4980163291318532e-15,4670
obi,ofi,Q10,-14,-7.0,0.11591698559196578,2.1182738906178147e-15,4670
obi,ofi,Q10,-13,-6.5,0.11538438909160904,2.825862564826451e-15,4670
obi,ofi,Q10,-12,-6.0,0.11447513588998749,4.630879486623102e-15,4670
obi,ofi,Q10,-11,-5.5,0.11304302161332747,1.0043207917177385e-14,4670
obi,ofi,Q10,-10,-5.0,0.11124124926662177,2.6287141385839904e-14,4670
obi,ofi,Q10,-9,-4.5,0.1091496663193902,7.889623098195823e-14,4670
obi,ofi,Q10,-8,-4.0,0.10662526127553527,2.896724944048482e-13,4670
obi,ofi,Q10,-7,-3.5,0.10381978428555542,1.1879442528180637e-12,4670
obi,ofi,Q10,-6,-3.0,0.10073498401899074,5.377248700393935e-12,4670
obi,ofi,Q10,-5,-2.5,0.09731651274298185,2.7228664226195137e-11,4670
obi,ofi,Q10,-4,-2.0,0.09344781799115072,1.5998803319811048e-10,4670
obi,ofi,Q10,-3,-1.5,0.08935723349115067,9.650883849282553e-10,4670
obi,ofi,Q10,-2,-1.0,0.08535950450837194,5.185783854507211e-09,4670
obi,ofi,Q10,-1,-0.5,0.08130317977058145,2.6490731793524396e-08,4670
obi,ofi,Q10,0,0.0,0.07726302911703346,1.247167458479908e-07,4670
obi,ofi,Q10,1,0.5,0.0743913184918229,3.6023034002713667e-07,4670
obi,ofi,Q10,2,1.0,0.07175804357410262,9.214024781227617e-07,4670
obi,ofi,Q10,3,1.5,0.0694240757873101,2.0625773506512004e-06,4670
obi,ofi,Q10,4,2.0,0.06727473929104105,4.237275162805396e-06,4670
obi,ofi,Q10,5,2.5,0.06519841824757329,8.32491171046848e-06,4670
obi,ofi,Q10,6,3.0,0.06328907657873847,1.5224874736612622e-05,4670
obi,ofi,Q10,7,3.5,0.061472384351892645,2.662548861125428e-05,4670
obi,ofi,Q10,8,4.0,0.05967985167613117,4.553960120648911e-05,4670
obi,ofi,Q10,9,4.5,0.058027906489264265,7.372562306398417e-05,4670
obi,ofi,Q10,10,5.0,0.05665169613335424,0.0001091248351429754,4670
obi,ofi,Q10,11,5.5,0.05540132742547877,0.00015469294021954285,4670
obi,ofi,Q10,12,6.0,0.05406937460400631,0.00022256718947749339,4670
obi,ofi,Q10,13,6.5,0.05272582091153744,0.00031862765581717735,4670
obi,ofi,Q10,14,7.0,0.05153626643557615,0.00043486979936249373,4670
obi,ofi,Q10,15,7.5,0.05064790359935072,0.0005464813810088402,4670
obi,ofi,Q10,16,8.0,0.049911398813295274,0.0006587982727632763,4670
obi,ofi,Q10,17,8.5,0.0492192472438326,0.0007836072600814345,4670
obi,ofi,Q10,18,9.0,0.04839461165817608,0.0009605636219669561,4670
obi,ofi,Q10,19,9.5,0.047652309805095605,0.0011509015909967476,4670
obi,ofi,Q10,20,10.0,0.04705994412500424,0.001327460549149082,4670
obi,ofi,Q50,-20,-10.0,0.16162193746811598,2.6776501349230366e-136,23350
obi,ofi,Q50,-19,-9.5,0.16136861445302514,7.051255493687692e-136,23350
obi,ofi,Q50,-18,-9.0,0.1610712275729623,2.19821136029e-135,23350
obi,ofi,Q50,-17,-8.5,0.16074871472642008,7.534063587637956e-135,23350
obi,ofi,Q50,-16,-8.0,0.1604478872474262,2.3694847914223118e-134,23350
obi,ofi,Q50,-15,-7.5,0.16014859387166613,7.392185437733929e-134,23350
obi,ofi,Q50,-14,-7.0,0.15983630481405942,2.418762063488958e-133,23350
obi,ofi,Q50,-13,-6.5,0.15962072180271325,5.453253164490593e-133,23350
obi,ofi,Q50,-12,-6.0,0.15948512380582414,9.044868987446583e-133,23350
obi,ofi,Q50,-11,-5.5,0.159373647749135,1.3674957576978718e-132,23350
obi,ofi,Q50,-10,-5.0,0.1592952565168481,1.8215373923390515e-132,23350
obi,ofi,Q50,-9,-4.5,0.15929962056821437,1.768503443409538e-132,23350
obi,ofi,Q50,-8,-4.0,0.15939669464471626,1.2046757558234649e-132,23350
obi,ofi,Q50,-7,-3.5,0.15952348016135498,7.322204970348e-133,23350
obi,ofi,Q50,-6,-3.0,0.15961061900973975,5.178000787676759e-133,23350
obi,ofi,Q50,-5,-2.5,0.15967891719959512,3.934928918470705e-133,23350
obi,ofi,Q50,-4,-2.0,0.15968702832996057,3.765498726907394e-133,23350
obi,ofi,Q50,-3,-1.5,0.15958276873984048,5.54167377844957e-133,23350
obi,ofi,Q50,-2,-1.0,0.1593884731164611,1.150639795742302e-132,23350
obi,ofi,Q50,-1,-0.5,0.15910665041602293,3.33429442265454e-132,23350
obi,ofi,Q50,0,0.0,0.15861223513173275,2.1667407554652372e-131,23350
obi,ofi,Q50,1,0.5,0.15799496599130564,2.2871376011119573e-130,23350
obi,ofi,Q50,2,1.0,0.15727450153333616,3.528615519551411e-129,23350
obi,ofi,Q50,3,1.5,0.1564725475484734,7.293511140484306e-128,23350
obi,ofi,Q50,4,2.0,0.15559114408796876,1.994517329305186e-126,23350
obi,ofi,Q50,5,2.5,0.1546439946715338,6.822823621238695e-125,23350
obi,ofi,Q50,6,3.0,0.153538755174588,4.0811893065576675e-123,23350
obi,ofi,Q50,7,3.5,0.15236409853571328,3.049101103256232e-121,23350
obi,ofi,Q50,8,4.0,0.15112180577143203,2.8097685150443683e-119,23350
obi,ofi,Q50,9,4.5,0.14979253519320443,3.401382090005184e-117,23350
obi,ofi,Q50,10,5.0,0.1483644004502649,5.593582755981161e-115,23350
obi,ofi,Q50,11,5.5,0.14685764051880987,1.151752820115821e-112,23350
obi,ofi,Q50,12,6.0,0.14526775544912934,2.9896939286418175e-110,23350
obi,ofi,Q50,13,6.5,0.1435838850255881,1.005567706398574e-107,23350
obi,ofi,Q50,14,7.0,0.14185145620798276,3.7141732349799644e-105,23350
obi,ofi,Q50,15,7.5,0.1400649705833902,1.5250619069604329e-102,23350
obi,ofi,Q50,16,8.0,0.1382626848832816,6.093552562429793e-100,23350
obi,ofi,Q50,17,8.5,0.13642753171567396,2.4994718445778296e-97,23350
obi,ofi,Q50,18,9.0,0.13444720001017624,1.501682645006881e-94,23350
obi,ofi,Q50,19,9.5,0.13239419972694394,1.0296482981413131e-91,23350
obi,ofi,Q50,20,10.0,0.13016433272419545,1.1006723996583777e-88,23350
obi,ofi,Q90,-20,-10.0,0.17418624212785525,5.33489655577876e-33,4670
obi,ofi,Q90,-19,-9.5,0.17478000303680516,3.185583758787383e-33,4670
obi,ofi,Q90,-18,-9.0,0.17506524478615143,2.4647064794312697e-33,4670
obi,ofi,Q90,-17,-8.5,0.17529450203781125,1.9985228418827508e-33,4670
obi,ofi,Q90,-16,-8.0,0.1757660461905454,1.318848357518593e-33,4670
obi,ofi,Q90,-15,-7.5,0.17630561593187893,8.202434789044718e-34,4670
obi,ofi,Q90,-14,-7.0,0.17628575512026057,8.210926312365e-34,4670
obi,ofi,Q90,-13,-6.5,0.1760698892713765,9.713219927404375e-34,4670
obi,ofi,Q90,-12,-6.0,0.17565484105989257,1.3608008181168967e-33,4670
obi,ofi,Q90,-11,-5.5,0.17491000155746564,2.5187600307127415e-33,4670
obi,ofi,Q90,-10,-5.0,0.17434373340025186,4.000506366095429e-33,4670
obi,ofi,Q90,-9,-4.5,0.1738293250916159,6.074235252807101e-33,4670
obi,ofi,Q90,-8,-4.0,0.17327746695365315,9.506027789139383e-33,4670
obi,ofi,Q90,-7,-3.5,0.17263486979162118,1.6026516101015093e-32,4670
obi,ofi,Q90,-6,-3.0,0.17150312734475082,4.0490362485172637e-32,4670
obi,ofi,Q90,-5,-2.5,0.17002553214874647,1.3516175290520237e-31,4670
obi,ofi,Q90,-4,-2.0,0.16833303200163838,5.3186000933700515e-31,4670
obi,ofi,Q90,-3,-1.5,0.16734815446161605,1.1658116826525665e-30,4670
obi,ofi,Q90,-2,-1.0,0.16600299521698902,3.397687069853858e-30,4670
obi,ofi,Q90,-1,-0.5,0.1642648216702389,1.3416882948203316e-29,4670
obi,ofi,Q90,0,0.0,0.16221153340317368,6.685639797702542e-29,4670
obi,ofi,Q90,1,0.5,0.15984550436306216,4.266228377184084e-28,4670
obi,ofi,Q90,2,1.0,0.15728818644176434,3.0585779261464983e-27,4670
obi,ofi,Q90,3,1.5,0.1548943354686514,1.8770984399378434e-26,4670
obi,ofi,Q90,4,2.0,0.15244279486288767,1.167199649534738e-25,4670
obi,ofi,Q90,5,2.5,0.1500263972323283,6.862770403071267e-25,4670
obi,ofi,Q90,6,3.0,0.14784167372933188,3.322590966222363e-24,4670
obi,ofi,Q90,7,3.5,0.14558701090362347,1.6489341987036345e-23,4670
obi,ofi,Q90,8,4.0,0.14349532862273945,7.12832201469223e-23,4670
obi,ofi,Q90,9,4.5,0.1415651628412039,2.7008640670254966e-22,4670
obi,ofi,Q90,10,5.0,0.13965102181650707,9.935260191269115e-22,4670
obi,ofi,Q90,11,5.5,0.13774540590762901,3.567699700324185e-21,4670
obi,ofi,Q90,12,6.0,0.1359897581725241,1.1407924082422183e-20,4670
obi,ofi,Q90,13,6.5,0.13454573266831465,2.938233922463695e-20,4670
obi,ofi,Q90,14,7.0,0.1328159792285289,8.98398225055039e-20,4670
obi,ofi,Q90,15,7.5,0.131200229237876,2.5190123750552515e-19,4670
obi,ofi,Q90,16,8.0,0.12947233359497745,7.473516233030942e-19,4670
obi,ofi,Q90,17,8.5,0.12725358048463406,2.947695546441803e-18,4670
obi,ofi,Q90,18,9.0,0.12483053487316403,1.2821088635970271e-17,4670
obi,ofi,Q90,19,9.5,0.12240131493459243,5.437465232853658e-17,4670
obi,ofi,Q90,20,10.0,0.11989685315338823,2.3390885593365612e-16,4670
ofi,obi,Q10,-20,-10.0,-0.06292637532366308,1.7539634462594972e-05,4670
ofi,obi,Q10,-19,-9.5,-0.06491135357211979,9.409213577756967e-06,4670
ofi,obi,Q10,-18,-9.0,-0.06673974723705572,5.216690878690202e-06,4670
ofi,obi,Q10,-17,-8.5,-0.06887141851888827,2.573216017056286e-06,4670
ofi,obi,Q10,-16,-8.0,-0.07195385819764735,8.934605893386203e-07,4670
ofi,obi,Q10,-15,-7.5,-0.07625749726608343,1.898082654089083e-07,4670
ofi,obi,Q10,-14,-7.0,-0.07832969883435495,8.717666501952164e-08,4670
ofi,obi,Q10,-13,-6.5,-0.0790282986626371,6.661656833433351e-08,4670
ofi,obi,Q10,-12,-6.0,-0.0800678888336777,4.4519419593118596e-08,4670
ofi,obi,Q10,-11,-5.5,-0.0808289883376647,3.3005992982850646e-08,4670
ofi,obi,Q10,-10,-5.0,-0.08152910136230918,2.499516627127465e-08,4670
ofi,obi,Q10,-9,-4.5,-0.08084144824855119,3.2624485865351365e-08,4670
ofi,obi,Q10,-8,-4.0,-0.08189262380674969,2.150446396570281e-08,4670
ofi,obi,Q10,-7,-3.5,-0.08310558424735097,1.3214113583140049e-08,4670
ofi,obi,Q10,-6,-3.0,-0.08497833012840796,6.157376061722957e-09,4670
ofi,obi,Q10,-5,-2.5,-0.08611040525169493,3.843820527352776e-09,4670
ofi,obi,Q10,-4,-2.0,-0.08714544208843907,2.4841899498595438e-09,4670
ofi,obi,Q10,-3,-1.5,-0.08781787754069824,1.8630004214588836e-09,4670
ofi,obi,Q10,-2,-1.0,-0.08794796620290705,1.7560171645478374e-09,4670
ofi,obi,Q10,-1,-0.5,-0.08681693333791068,2.8183904260191386e-09,4670
ofi,obi,Q10,0,0.0,-0.086948735767758,2.656418223444285e-09,4670
ofi,obi,Q10,1,0.5,-0.08852422381459152,1.3684620667364e-09,4670
ofi,obi,Q10,2,1.0,-0.09097355146510584,4.760130620264393e-10,4670
ofi,obi,Q10,3,1.5,-0.0932521464203486,1.7391635989344882e-10,4670
ofi,obi,Q10,4,2.0,-0.09495564705382356,8.075174502403735e-11,4670
ofi,obi,Q10,5,2.5,-0.09511024509490194,7.558976675117116e-11,4670
ofi,obi,Q10,6,3.0,-0.09414343750027511,1.1793172111490633e-10,4670
ofi,obi,Q10,7,3.5,-0.09307367902695529,1.9180097502822413e-10,4670
ofi,obi,Q10,8,4.0,-0.09202436984875274,3.074139772490107e-10,4670
ofi,obi,Q10,9,4.5,-0.09172202778154916,3.5290779154583384e-10,4670
ofi,obi,Q10,10,5.0,-0.09120709961830664,4.4458329898856764e-10,4670
ofi,obi,Q10,11,5.5,-0.09079464019634663,5.348551381287292e-10,4670
ofi,obi,Q10,12,6.0,-0.08855172637356087,1.4139096598340068e-09,4670
ofi,obi,Q10,13,6.5,-0.0852271359588105,5.706887109143492e-09,4670
ofi,obi,Q10,14,7.0,-0.08344329486577803,1.1829783083600092e-08,4670
ofi,obi,Q10,15,7.5,-0.08196278769969861,2.142986235587435e-08,4670
ofi,obi,Q10,16,8.0,-0.07939813344664927,5.838836093210726e-08,4670
ofi,obi,Q10,17,8.5,-0.08084563544411802,3.346389953043832e-08,4670
ofi,obi,Q10,18,9.0,-0.0848346000247118,6.828606873180496e-09,4670
ofi,obi,Q10,19,9.5,-0.08837329245888888,1.5691099695698436e-09,4670
ofi,obi,Q10,20,10.0,-0.09135088752329436,4.3568131621816134e-10,4670
ofi,obi,Q50,-20,-10.0,0.11903783991416014,2.227756709145455e-74,23350
ofi,obi,Q50,-19,-9.5,0.11988699175221217,1.9908470200438374e-75,23350
ofi,obi,Q50,-18,-9.0,0.12066902080483684,2.1186262934723586e-76,23350
ofi,obi,Q50,-17,-8.5,0.12157697300030477,1.5442533334379674e-77,23350
ofi,obi,Q50,-16,-8.0,0.12253480470631625,9.539758286344411e-79,23350
ofi,obi,Q50,-15,-7.5,0.1234674402781297,6.203780423697831e-80,23350
ofi,obi,Q50,-14,-7.0,0.12432009998158626,5.001734926770339e-81,23350
ofi,obi,Q50,-13,-6.5,0.12529045982462889,2.7901694477962567e-82,23350
ofi,obi,Q50,-12,-6.0,0.1261814501190349,1.9297495982126138e-83,23350
ofi,obi,Q50,-11,-5.5,0.12704564277452088,1.4191209594518236e-84,23350
ofi,obi,Q50,-10,-5.0,0.1278520319783733,1.221455035613229e-85,23350
ofi,obi,Q50,-9,-4.5,0.12864523935647598,1.077113285167489e-86,23350
ofi,obi,Q50,-8,-4.0,0.12933656494267295,1.2796894629161573e-87,23350
ofi,obi,Q50,-7,-3.5,0.1301066442458653,1.1773434996776218e-88,23350
ofi,obi,Q50,-6,-3.0,0.13076001879072152,1.5351487896444638e-89,23350
ofi,obi,Q50,-5,-2.5,0.13125340777730904,3.2662572842736627e-90,23350
ofi,obi,Q50,-4,-2.0,0.13164047964173037,9.640545045974797e-91,23350
ofi,obi,Q50,-3,-1.5,0.13204509220493413,2.682600824092945e-91,23350
ofi,obi,Q50,-2,-1.0,0.13235405403640857,1.0051379117778732e-91,23350
ofi,obi,Q50,-1,-0.5,0.13254915917656368,5.3831824333037995e-92,23350
ofi,obi,Q50,0,0.0,0.13263887736983293,4.018873764285573e-92,23350
ofi,obi,Q50,1,0.5,0.13309369424323544,9.61060239423047e-93,23350
ofi,obi,Q50,2,1.0,0.13354201336209706,2.334651133285436e-93,23350
ofi,obi,Q50,3,1.5,0.13397133873987738,5.997006719793427e-94,23350
ofi,obi,Q50,4,2.0,0.13430331187330488,2.09451028314194e-94,23350
ofi,obi,Q50,5,2.5,0.13462901246690182,7.444443774645215e-95,23350
ofi,obi,Q50,6,3.0,0.134943586806947,2.7354357269263314e-95,23350
ofi,obi,Q50,7,3.5,0.13523427582168426,1.0830128533694442e-95,23350
ofi,obi,Q50,8,4.0,0.13552727523393576,4.247484156839295e-96,23350
ofi,obi,Q50,9,4.5,0.13584295989902084,1.5447397248809497e-96,23350
ofi,obi,Q50,10,5.0,0.13610535840631224,6.662414927474732e-97,23350
ofi,obi,Q50,11,5.5,0.13644655121348478,2.2205207465201187e-97,23350
ofi,obi,Q50,12,6.0,0.13671448620194723,9.370673161480641e-98,23350
ofi,obi,Q50,13,6.5,0.1369147546651672,4.923481235603454e-98,23350
ofi,obi,Q50,14,7.0,0.13704306273252662,3.269436804910525e-98,23350
ofi,obi,Q50,15,7.5,0.13712486604593013,2.5265609929742524e-98,23350
ofi,obi,Q50,16,8.0,0.13709851090564518,2.7801107745814473e-98,23350
ofi,obi,Q50,17,8.5,0.13697207056160787,4.2414533528307787e-98,23350
ofi,obi,Q50,18,9.0,0.13678168350547368,7.967413074032483e-98,23350
ofi,obi,Q50,19,9.5,0.13661009550539147,1.406492036855934e-97,23350
ofi,obi,Q50,20,10.0,0.1362986988118993,3.9073462292076876e-97,23350
ofi,obi,Q90,-20,-10.0,-0.04183576207846115,0.004326764669457975,4670
ofi,obi,Q90,-19,-9.5,-0.04479190385764777,0.002247295061737026,4670
ofi,obi,Q90,-18,-9.0,-0.047782896031923414,0.0011139413509820564,4670
ofi,obi,Q90,-17,-8.5,-0.05091441393513039,0.000512111360647604,4670
ofi,obi,Q90,-16,-8.0,-0.05416020761310912,0.00021855562441586932,4670
ofi,obi,Q90,-15,-7.5,-0.057707441117466354,8.166401310728611e-05,4670
ofi,obi,Q90,-14,-7.0,-0.06100764027720712,3.1051828937770826e-05,4670
ofi,obi,Q90,-13,-6.5,-0.06439949542762766,1.091774073713308e-05,4670
ofi,obi,Q90,-12,-6.0,-0.06807757259939354,3.3127305646370645e-06,4670
ofi,obi,Q90,-11,-5.5,-0.0720659732220917,8.475780310704932e-07,4670
ofi,obi,Q90,-10,-5.0,-0.07621831157752233,1.8969340269986701e-07,4670
ofi,obi,Q90,-9,-4.5,-0.08054662386754759,3.66009694117445e-08,4670
ofi,obi,Q90,-8,-4.0,-0.08451356631166286,7.501994318365244e-09,4670
ofi,obi,Q90,-7,-3.5,-0.08828371966978876,1.553283032517944e-09,4670
ofi,obi,Q90,-6,-3.0,-0.09189748458138168,3.223589163098508e-10,4670
ofi,obi,Q90,-5,-2.5,-0.09529049389667298,6.959970771701794e-11,4670
ofi,obi,Q90,-4,-2.0,-0.09915397437345046,1.1374612830488254e-11,4670
ofi,obi,Q90,-3,-1.5,-0.10331678992304823,1.4925273568830832e-12,4670
ofi,obi,Q90,-2,-1.0,-0.1075514341877258,1.7369865607271889e-13,4670
ofi,obi,Q90,-1,-0.5,-0.11203254924774532,1.6244777124509347e-14,4670
ofi,obi,Q90,0,0.0,-0.11602552514387407,1.8111851486857682e-15,4670
ofi,obi,Q90,1,0.5,-0.11379561845504375,6.24361203760443e-15,4670
ofi,obi,Q90,2,1.0,-0.1112311116549402,2.512485707533511e-14,4670
ofi,obi,Q90,3,1.5,-0.10852619087619288,1.0536647833069348e-13,4670
ofi,obi,Q90,4,2.0,-0.10620884816424644,3.5012527167301575e-13,4670
ofi,obi,Q90,5,2.5,-0.10396836865747752,1.0909336306506391e-12,4670
ofi,obi,Q90,6,3.0,-0.10186024435073776,3.109859518145784e-12,4670
ofi,obi,Q90,7,3.5,-0.09965771421088594,9.078579604008446e-12,4670
ofi,obi,Q90,8,4.0,-0.09776761452594576,2.2362825151994302e-11,4670
ofi,obi,Q90,9,4.5,-0.0959042213075194,5.348484047359208e-11,4670
ofi,obi,Q90,10,5.0,-0.09424652144288301,1.1462209648915333e-10,4670
ofi,obi,Q90,11,5.5,-0.09303476884479102,1.9867657240903432e-10,4670
ofi,obi,Q90,12,6.0,-0.09189284888923614,3.315477948959416e-10,4670
ofi,obi,Q90,13,6.5,-0.09073828614284746,5.528457760191158e-10,4670
ofi,obi,Q90,14,7.0,-0.08986593855669284,8.109084526723058e-10,4670
ofi,obi,Q90,15,7.5,-0.08883599616297683,1.2676664050370203e-09,4670
ofi,obi,Q90,16,8.0,-0.08758933998621703,2.1603711719545042e-09,4670
ofi,obi,Q90,17,8.5,-0.08666089611170431,3.2009818274426437e-09,4670
ofi,obi,Q90,18,9.0,-0.08611541813258736,4.031310501043217e-09,4670
ofi,obi,Q90,19,9.5,-0.08488958159375637,6.701767142019654e-09,4670
ofi,obi,Q90,20,10.0,-0.08371929667043054,1.081669306825636e-08,4670
